file,search,title,license,url,bytes
sports_car_1.glb,sports_car,,CC-BY 3.0,https://static.poly.pizza/c0e96faa-80e9-422f-a783-b1d7326b7c9b.glb,630916
sports_car_2.glb,sports_car,,CC-BY 3.0,https://static.poly.pizza/2bd307ac-28ea-4a30-aa57-e136aa3fc2a3.glb,2232516
muscle_car_1.glb,muscle_car,,CC-BY 3.0,https://static.poly.pizza/79e131da-1624-4ec1-b655-86ab3d9b166d.glb,808260
sedan_1.glb,sedan,,CC-BY 3.0,https://static.poly.pizza/0455317d-26c3-40cd-8a7d-de547ffdb9df.glb,40460
sedan_2.glb,sedan,,CC-BY 3.0,https://static.poly.pizza/6fe63e97-5df0-4258-b2a3-843cfdb6517c.glb,203396
taxi_1.glb,taxi,,CC-BY 3.0,https://static.poly.pizza/352385a0-7d98-4cd3-9c4f-9049714f4a09.glb,489804
police_1.glb,police,,CC-BY 3.0,https://static.poly.pizza/b1ebc913-fc0d-4d42-b9b6-30e7f9ce4733.glb,46816
police_2.glb,police,,CC-BY 3.0,https://static.poly.pizza/2bd307ac-28ea-4a30-aa57-e136aa3fc2a3.glb,2232516
van_1.glb,van,,CC-BY 3.0,https://static.poly.pizza/274feb0b-9f06-48c7-9ca9-07803a373330.glb,281108
bus_1.glb,bus,,CC-BY 3.0,https://static.poly.pizza/352385a0-7d98-4cd3-9c4f-9049714f4a09.glb,489804
building_1.glb,building,,CC-BY 3.0,https://static.poly.pizza/9dbf2d34-a6cb-4ff3-90ee-2081c05df9e1.glb,1213848
building_2.glb,building,,CC0 1.0,https://static.poly.pizza/f8a96f05-6835-411a-a98c-a9cd3d96951b.glb,82984
building_3.glb,building,,CC0 1.0,https://static.poly.pizza/238cf4fb-49b4-4c96-b29e-fee1e69f28f9.glb,96488
building_4.glb,building,,CC0 1.0,https://static.poly.pizza/8d947705-c4d0-49c6-839c-965572f0474b.glb,16724
building_5.glb,building,,CC0 1.0,https://static.poly.pizza/5f01edd6-6ffb-41be-b53e-9379f9a06ad1.glb,231300
building_6.glb,building,,CC-BY 3.0,https://static.poly.pizza/714947d2-2140-4fce-b334-a1c9783aa4a8.glb,4806116
building_7.glb,building,,CC-BY 3.0,https://static.poly.pizza/e7127a00-37ec-4dfd-a4b9-5426916d8266.glb,4718684
building_8.glb,building,,CC-BY 3.0,https://static.poly.pizza/248b0d06-f330-40b0-9195-f40d31076886.glb,621384
streetlight_1.glb,streetlight,,CC0 1.0,https://static.poly.pizza/451a3b57-b957-4184-9c67-4a11587299b5.glb,23324
trafficlight_1.glb,trafficlight,,CC0 1.0,https://static.poly.pizza/451a3b57-b957-4184-9c67-4a11587299b5.glb,23324
tree_1.glb,tree,,CC-BY 3.0,https://static.poly.pizza/2ee1f9a2-b660-4748-ba7d-328055677b00.glb,27696
tree_2.glb,tree,,CC-BY 3.0,https://static.poly.pizza/6887a18d-2747-4907-b9c5-aaba5a2af516.glb,2330496
